CREATE TABLE IF NOT EXISTS "passangers" (
  "id"          SERIAL      NOT NULL,
  "first_name"  VARCHAR(50) NOT NULL,
  "last_name"   VARCHAR(50) NOT NULL,
  PRIMARY KEY ("id")
);

INSERT INTO "passangers" ("id", "first_name", "last_name") VALUES
  (1, 'Name1', 'Lastname1'),
  (2, 'Name1', 'Lastname2'),
  (3, 'Name1', 'Lastname3'),
  (4, 'Name1', 'Lastname4'),
  (5, 'Name1', 'Lastname5'),
  (6, 'Name1', 'Lastname6'),
  (7, 'Name1', 'Lastname7'),
  (8, 'Name1', 'Lastname8'),
  (9, 'Name1', 'Lastname9'),
  (10, 'Name2', 'Lastname1'),
  (11, 'Name2', 'Lastname2'),
  (12, 'Name2', 'Lastname3'),
  (13, 'Name2', 'Lastname4'),
  (14, 'Name2', 'Lastname5'),
  (15, 'Name2', 'Lastname6'),
  (16, 'Name2', 'Lastname7'),
  (17, 'Name2', 'Lastname8'),
  (18, 'Name2', 'Lastname9'),
  (19, 'Name3', 'Lastname1'),
  (20, 'Name3', 'Lastname2');

CREATE TABLE IF NOT EXISTS "stations" (
  "id"            SERIAL       NOT NULL,
  "station_name"  VARCHAR(50)  NOT NULL,
  PRIMARY KEY ("id")
);

INSERT INTO "stations" ("id", "station_name") VALUES
  (1, 'Kyiv'),
  (2, 'Lviv'),
  (3, 'Cherkasy'),
  (4, 'Dnipro'),
  (5, 'Harkiv'),
  (6, 'Odesa'),
  (7, 'Ternopol'),
  (8, 'Zhitomir'),
  (9, 'Rivne'),
  (10, 'Poltava'),
  (11, 'Sumy'),
  (12, 'Chernigov'),
  (13, 'Vinnitsa'),
  (14, 'Herson'),
  (15, 'Donetsk'),
  (16, 'Lugansk'),
  (17, 'Krakov'),
  (18, 'Budapesht'),
  (19, 'Viena'),
  (20, 'Varshava');

CREATE TABLE IF NOT EXISTS "trains" (
  "id"                SERIAL  NOT NULL PRIMARY KEY,
  "start_station_id"  INTEGER REFERENCES stations (id),
  "finish_station_id" INTEGER REFERENCES stations (id),
  "ticket_price"      INTEGER,
  "limit_tickets"     INTEGER
);

INSERT INTO "trains" ("id", "start_station_id", "finish_station_id", "ticket_price", "limit_tickets" ) VALUES
  (1,1,2,600,400),
  (2,1,3,200,300),
  (3,1,4,500,350),
  (4,1,5,400,400),
  (5,1,6,650,450),
  (6,1,7,600,400),
  (7,1,8,200,350),
  (8,1,9,500,400),
  (9,1,10,320,400),
  (10,1,11,300,400),
  (11,1,12,280,400),
  (12,1,13,250,400),
  (13,1,14,550,400),
  (14,1,15,650,400),
  (15,1,16,750,400),
  (16,1,17,1300,400),
  (17,1,18,1600,400),
  (18,1,19,2300,400),
  (19,1,20,1550,400),
  (20,2,3,550,400),
  (21,2,4,800,400),
  (22,2,5,900,400),
  (23,2,6,900,400),
  (24,2,7,200,400),
  (25,2,8,450,400),
  (26,2,9,300,400),
  (27,2,10,700,400),
  (28,2,11,900,400),
  (29,2,12,850,400),
  (30,2,13,450,400),
  (31,2,14,870,400),
  (32,2,15,1200,400),
  (33,2,16,1300,400),
  (34,2,17,550,400),
  (35,2,18,750,400),
  (36,2,19,900,400),
  (37,2,20,1300,400),
  (38,4,5,600,400),
  (39,4,6,700,400),
  (40,4,7,680,400),
  (41,4,8,800,400),
  (42,4,9,500,400),
  (43,4,10,600,300),
  (44,4,11,600,500),
  (45,4,12,600,400),
  (46,4,13,600,450),
  (47,4,14,600,400),
  (48,4,15,600,400),
  (49,4,16,600,400),
  (50,4,17,600,400),
  (51,4,18,600,400),
  (52,4,19,600,400),
  (53,4,20,600,400),
  (54,5,6,600,400),
  (55,5,7,600,400),
  (56,5,8,600,400),
  (57,5,9,600,400),
  (58,5,10,600,400),
  (59,5,11,600,400),
  (60,5,12,600,400),
  (61,5,13,600,400),
  (62,5,14,600,400),
  (63,5,15,600,400),
  (64,5,16,600,400),
  (65,5,17,600,400),
  (66,5,18,600,400),
  (67,5,19,600,400),
  (68,5,20,600,400),
  (69,6,7,600,400),
  (70,6,8,600,400),
  (71,6,9,600,400),
  (72,6,10,600,400),
  (73,6,11,600,400),
  (74,6,12,600,400),
  (75,6,13,600,400),
  (76,6,14,600,400),
  (77,6,15,600,400),
  (78,6,16,600,400),
  (79,6,17,600,400),
  (80,6,18,600,400),
  (81,6,19,600,400),
  (82,6,20,600,400),
  (83,7,9,600,400),
  (84,10,11,600,400),
  (85,10,12,600,400),
  (86,10,13,600,400),
  (87,10,14,600,400),
  (88,10,15,600,400),
  (89,10,16,600,400),
  (90,11,12,600,400),
  (91,11,13,600,400),
  (92,11,14,600,400),
  (93,11,15,600,400),
  (94,11,16,600,400),
  (95,12,13,600,400),
  (96,12,14,600,400),
  (97,12,15,600,400),
  (98,12,16,600,400),
  (99,13,14,600,400),
  (100,13,15,600,400);

CREATE TABLE IF NOT EXISTS "tickets" (
  "id"           SERIAL  NOT NULL,
  "date"         DATE NOT NULL,
  "train_id"     INTEGER NOT NULL REFERENCES trains (id),
  "passanger_id" INTEGER NOT NULL REFERENCES passangers (id),
  PRIMARY KEY ("id")
);

INSERT INTO "tickets" ("id", "date", "train_id", "passanger_id") VALUES
  (1, '25/12/2019', 1, 1),
  (2, '25/12/2019', 1, 3),
  (3, '25/12/2019', 1, 6),
  (4, '25/12/2019', 1, 9),
  (5, '25/12/2019', 2, 2),
  (6, '25/12/2019', 2, 4),
  (7, '27/12/2019', 2, 6),
  (8, '25/12/2019', 3, 5),
  (9, '25/12/2019', 3, 7),
  (10, '29/12/2019', 4, 6),
  (11, '25/12/2019', 4, 9),
  (12, '25/12/2019', 5, 10),
  (13, '25/12/2019', 5, 11),
  (14, '25/12/2019', 5, 12),
  (15, '25/12/2019', 6, 14),
  (16, '25/12/2019', 6, 13),
  (17, '25/12/2019', 7, 15),
  (18, '25/12/2019', 8, 16),
  (19, '25/12/2019', 9, 17),
  (20, '25/12/2019', 10, 18),
  (21, '25/12/2019', 10, 19),
  (22, '25/12/2019', 11, 20),
  (23, '31/12/2019', 12, 6),
  (25, '25/11/2019', 13, 3),
  (26, '25/10/2019', 14, 4),
  (27, '25/09/2019', 15, 5),
  (28, '25/08/2019', 16, 6),
  (29, '25/07/2019', 17, 7),
  (30, '25/06/2019', 18, 8),
  (31, '25/05/2019', 19, 9),
  (32, '25/04/2019', 20, 10),
  (33, '25/03/2019', 21, 11),
  (34, '25/02/2019', 21, 12),
  (35, '25/01/2019', 21, 13),
  (36, '20/12/2019', 31, 14),
  (37, '20/12/2019', 41, 15),
  (38, '20/12/2019', 51, 16),
  (39, '21/12/2019', 51, 17),
  (40, '22/12/2017', 51, 19),
  (41, '25/12/2018', 61, 20);
